{"cameraMode":{"drawMode":0,"name":"Shaded","section":"Shading Mode"},"sceneLighting":true,"audioPlay":false,"sceneViewState":{"showFog":true,"showMaterialUpdate":false,"showSkybox":true,"showFlares":true,"showImageEffects":true,"showParticleSystems":true,"showVisualEffectGraphs":true,"m_FxEnabled":true},"in2DMode":false,"pivot":{"x":378.0329895019531,"y":274.8393859863281,"z":563.8975219726563},"rotation":{"x":-0.026682129129767419,"y":0.019487321376800538,"z":0.0005200289306230843,"w":0.9994523525238037},"size":402.7250061035156,"orthographic":false}